<?xml version="1.0" encoding="UTF-8"?>
<metadata xml:lang="en"><Esri><CreaDate>20211229</CreaDate><CreaTime>15111300</CreaTime><SyncOnce>FALSE</SyncOnce><DataProperties><lineage><Process ToolSource="C:\Program Files (x86)\ArcGIS\ArcToolbox\Toolboxes\Conversion Tools.tbx\FeatureClassToFeatureClass" Date="20211228" Time="233201">FeatureClassToFeatureClass UDS.UDSADMIN.LISTEDBUILDING_XYLAYER "Database Connections\udsadmin on SWNHPR04SQL.sde" LISTEDBUILDINGPOINTS # "ListEntry 'ListEntry' true true false 4 Long 0 10 ,First,#,UDS.UDSADMIN.LISTEDBUILDING_Features,ListEntry,-1,-1;GISGROUPUID 'GISGROUPUID' true true false 4 Long 0 10 ,First,#,UDS.UDSADMIN.LISTEDBUILDING_Features,GISGROUPUID,-1,-1;Name 'Name' true true false 1000 Text 0 0 ,First,#,UDS.UDSADMIN.LISTEDBUILDING_Features,Name,-1,-1;HeritageCategory 'HeritageCategory' true true false 100 Text 0 0 ,First,#,UDS.UDSADMIN.LISTEDBUILDING_Features,HeritageCategory,-1,-1;Grade 'Grade' true true false 100 Text 0 0 ,First,#,UDS.UDSADMIN.LISTEDBUILDING_Features,Grade,-1,-1;ListDate 'ListDate' true true false 36 Date 0 0 ,First,#,UDS.UDSADMIN.LISTEDBUILDING_Features,ListDate,-1,-1;AmendDate 'AmendDate' true true false 36 Date 0 0 ,First,#,UDS.UDSADMIN.LISTEDBUILDING_Features,AmendDate,-1,-1;LegacySystemDesc 'LegacySystemDesc' true true false 100 Text 0 0 ,First,#,UDS.UDSADMIN.LISTEDBUILDING_Features,LegacySystemDesc,-1,-1;LegacyUID 'LegacyUID' true true false 50 Text 0 0 ,First,#,UDS.UDSADMIN.LISTEDBUILDING_Features,LegacyUID,-1,-1;CertificateStartDate 'CertificateStartDate' true true false 36 Date 0 0 ,First,#,UDS.UDSADMIN.LISTEDBUILDING_Features,CertificateStartDate,-1,-1;CertificateExpiryDate 'CertificateExpiryDate' true true false 36 Date 0 0 ,First,#,UDS.UDSADMIN.LISTEDBUILDING_Features,CertificateExpiryDate,-1,-1;VersionDate 'VersionDate' true true false 36 Date 0 0 ,First,#,UDS.UDSADMIN.LISTEDBUILDING_Features,VersionDate,-1,-1;IsReleased 'IsReleased' true true false 2 Short 0 1 ,First,#,UDS.UDSADMIN.LISTEDBUILDING_Features,IsReleased,-1,-1;Version 'Version' true true false 4 Long 0 10 ,First,#,UDS.UDSADMIN.LISTEDBUILDING_Features,Version,-1,-1;Notes 'Notes' true true false 240 Text 0 0 ,First,#,UDS.UDSADMIN.LISTEDBUILDING_Features,Notes,-1,-1;NGR 'NGR' true true false 14 Text 0 0 ,First,#,UDS.UDSADMIN.LISTEDBUILDING_Features,NGR,-1,-1;Latitude 'Latitude' true true false 8 Double 8 38 ,First,#,UDS.UDSADMIN.LISTEDBUILDING_Features,Latitude,-1,-1;Longitude 'Longitude' true true false 8 Double 8 38 ,First,#,UDS.UDSADMIN.LISTEDBUILDING_Features,Longitude,-1,-1;CaptureScale 'CaptureScale' true true false 15 Text 0 0 ,First,#,UDS.UDSADMIN.LISTEDBUILDING_Features,CaptureScale,-1,-1;MapCaveat 'MapCaveat' true true false 4000 Text 0 0 ,First,#,UDS.UDSADMIN.LISTEDBUILDING_Features,MapCaveat,-1,-1;CREATEDBY 'CREATEDBY' true true false 4 Long 0 10 ,First,#,UDS.UDSADMIN.LISTEDBUILDING_Features,CREATEDBY,-1,-1;UPDATEDBY 'UPDATEDBY' true true false 4 Long 0 10 ,First,#,UDS.UDSADMIN.LISTEDBUILDING_Features,UPDATEDBY,-1,-1;GISLabelPointX 'GISLabelPointX' true true false 8 Double 0 0 ,First,#,UDS.UDSADMIN.LISTEDBUILDING_Features,GISLabelPointX,-1,-1;GISLabelPointY 'GISLabelPointY' true true false 8 Double 0 0 ,First,#,UDS.UDSADMIN.LISTEDBUILDING_Features,GISLabelPointY,-1,-1;Shape_area 'Shape_area' false true true 0 Double 0 0 ,First,#,UDS.UDSADMIN.LISTEDBUILDING_Features,Shape.area,-1,-1;Shape_len 'Shape_len' false true true 0 Double 0 0 ,First,#,UDS.UDSADMIN.LISTEDBUILDING_Features,Shape.len,-1,-1" # "Database Connections\udsadmin on SWNHPR04SQL.sde\UDS.UDSADMIN.LISTEDBUILDINGPOINTS"</Process><Process ToolSource="C:\Program Files (x86)\ArcGIS\ArcToolbox\Toolboxes\Data Management Tools.tbx\ChangePrivileges" Date="20211228" Time="233201">ChangePrivileges "Database Connections\udsadmin on SWNHPR04SQL.sde\LISTEDBUILDINGPOINTS" UDSVIEWER GRANT AS_IS "Database Connections\udsadmin on SWNHPR04SQL.sde\LISTEDBUILDINGPOINTS"</Process><Process Name="Dissolve" ToolSource="c:\program files (x86)\arcgis\desktop10.3\ArcToolbox\Toolboxes\Data Management Tools.tbx\Dissolve" Date="20211229" Time="124003">Dissolve Designations\ListedBuildings "Q:\GIS NMR Mapping\TomD_MXD\DD_Processing_TEMP\Model_Builder\Designations_TEMP.mdb\LB_dissolve" ListEntry;Name;Grade;ListDate;AmendDate;LegacyUID;NGR;CaptureSca # SINGLE_PART DISSOLVE_LINES</Process><Process Name="Delete Identical" ToolSource="c:\program files (x86)\arcgis\desktop10.3\ArcToolbox\Toolboxes\Data Management Tools.tbx\DeleteIdentical" Date="20211229" Time="124032">DeleteIdentical "Q:\GIS NMR Mapping\TomD_MXD\DD_Processing_TEMP\Model_Builder\Designations_TEMP.mdb\LB_dissolve" ListEntry # 0</Process><Process Name="Add Field" ToolSource="c:\program files (x86)\arcgis\desktop10.3\ArcToolbox\Toolboxes\Data Management Tools.tbx\AddField" Date="20211229" Time="124032">AddField "Q:\GIS NMR Mapping\TomD_MXD\DD_Processing_TEMP\Model_Builder\Designations_TEMP.mdb\LB_dissolve" Easting DOUBLE # # # # NULLABLE NON_REQUIRED #</Process><Process Name="Add Field (2)" ToolSource="c:\program files (x86)\arcgis\desktop10.3\ArcToolbox\Toolboxes\Data Management Tools.tbx\AddField" Date="20211229" Time="124032">AddField "Q:\GIS NMR Mapping\TomD_MXD\DD_Processing_TEMP\Model_Builder\Designations_TEMP.mdb\LB_dissolve" Northing DOUBLE # # # # NULLABLE NON_REQUIRED #</Process><Process Name="Calculate Field" ToolSource="c:\program files (x86)\arcgis\desktop10.3\ArcToolbox\Toolboxes\Data Management Tools.tbx\CalculateField" Date="20211229" Time="124717">CalculateField "Q:\GIS NMR Mapping\TomD_MXD\DD_Processing_TEMP\Model_Builder\Designations_TEMP.mdb\LB_dissolve" Easting !shape.centroid.X! PYTHON_9.3 #</Process><Process Name="Calculate Field (2)" ToolSource="c:\program files (x86)\arcgis\desktop10.3\ArcToolbox\Toolboxes\Data Management Tools.tbx\CalculateField" Date="20211229" Time="125358">CalculateField "Q:\GIS NMR Mapping\TomD_MXD\DD_Processing_TEMP\Model_Builder\Designations_TEMP.mdb\LB_dissolve" Northing !shape.centroid.Y! PYTHON_9.3 #</Process><Process Name="Add Field (3)" ToolSource="c:\program files (x86)\arcgis\desktop10.3\ArcToolbox\Toolboxes\Data Management Tools.tbx\AddField" Date="20211229" Time="125359">AddField "Q:\GIS NMR Mapping\TomD_MXD\DD_Processing_TEMP\Model_Builder\Designations_TEMP.mdb\LB_dissolve" Hyperlink TEXT # # 80 # NULLABLE NON_REQUIRED #</Process><Process Name="Calculate Field (3)" ToolSource="c:\program files (x86)\arcgis\desktop10.3\ArcToolbox\Toolboxes\Data Management Tools.tbx\CalculateField" Date="20211229" Time="125825">CalculateField "Q:\GIS NMR Mapping\TomD_MXD\DD_Processing_TEMP\Model_Builder\Designations_TEMP.mdb\LB_dissolve" Hyperlink "https://historicengland.org.uk/listing/the-list/list-entry/"&amp;[ListEntry] VB #</Process><Process Name="Copy Features" ToolSource="c:\program files (x86)\arcgis\desktop10.3\ArcToolbox\Toolboxes\Data Management Tools.tbx\CopyFeatures" Date="20211229" Time="130214">CopyFeatures "Q:\GIS NMR Mapping\TomD_MXD\DD_Processing_TEMP\Model_Builder\Designations_TEMP.mdb\LB_dissolve" "Q:\GIS NMR Mapping\TomD_MXD\DD_Processing_TEMP\Shapefiles\FINAL\ListedBuildings_DATE.shp" # 0 0 0</Process><Process Name="Repair Geometry" ToolSource="c:\program files (x86)\arcgis\desktop10.3\ArcToolbox\Toolboxes\Data Management Tools.tbx\RepairGeometry" Date="20211229" Time="130222">RepairGeometry "Q:\GIS NMR Mapping\TomD_MXD\DD_Processing_TEMP\Shapefiles\FINAL\ListedBuildings_DATE.shp" DELETE_NULL</Process></lineage><itemProps><itemName Sync="TRUE">ListedBuildings_DATE</itemName><imsContentType Sync="TRUE">002</imsContentType><itemLocation><linkage Sync="TRUE">file://\\HE02740\C$\Users\TDuane\OneDrive - Historic England\Desktop\Work_Stuff\B_Data_Downloads_version2\C_LOCATION_DATA\Location data for 04 January 2022\LBs_Join.mdb</linkage><protocol Sync="TRUE">Local Area Network</protocol></itemLocation><itemSize Sync="TRUE">0.000</itemSize></itemProps><coordRef><type Sync="TRUE">Projected</type><geogcsn Sync="TRUE">GCS_OSGB_1936</geogcsn><csUnits Sync="TRUE">Linear Unit: Meter (1.000000)</csUnits><projcsn Sync="TRUE">British_National_Grid</projcsn><peXml Sync="TRUE">&lt;ProjectedCoordinateSystem xsi:type='typens:ProjectedCoordinateSystem' xmlns:xsi='http://www.w3.org/2001/XMLSchema-instance' xmlns:xs='http://www.w3.org/2001/XMLSchema' xmlns:typens='http://www.esri.com/schemas/ArcGIS/10.3'&gt;&lt;WKT&gt;PROJCS[&amp;quot;British_National_Grid&amp;quot;,GEOGCS[&amp;quot;GCS_OSGB_1936&amp;quot;,DATUM[&amp;quot;D_OSGB_1936&amp;quot;,SPHEROID[&amp;quot;Airy_1830&amp;quot;,6377563.396,299.3249646]],PRIMEM[&amp;quot;Greenwich&amp;quot;,0.0],UNIT[&amp;quot;Degree&amp;quot;,0.0174532925199433]],PROJECTION[&amp;quot;Transverse_Mercator&amp;quot;],PARAMETER[&amp;quot;False_Easting&amp;quot;,400000.0],PARAMETER[&amp;quot;False_Northing&amp;quot;,-100000.0],PARAMETER[&amp;quot;Central_Meridian&amp;quot;,-2.0],PARAMETER[&amp;quot;Scale_Factor&amp;quot;,0.9996012717],PARAMETER[&amp;quot;Latitude_Of_Origin&amp;quot;,49.0],UNIT[&amp;quot;Meter&amp;quot;,1.0],AUTHORITY[&amp;quot;EPSG&amp;quot;,27700]]&lt;/WKT&gt;&lt;XOrigin&gt;-5220400&lt;/XOrigin&gt;&lt;YOrigin&gt;-15524400&lt;/YOrigin&gt;&lt;XYScale&gt;450481592.76709664&lt;/XYScale&gt;&lt;ZOrigin&gt;-100000&lt;/ZOrigin&gt;&lt;ZScale&gt;10000&lt;/ZScale&gt;&lt;MOrigin&gt;-100000&lt;/MOrigin&gt;&lt;MScale&gt;10000&lt;/MScale&gt;&lt;XYTolerance&gt;0.001&lt;/XYTolerance&gt;&lt;ZTolerance&gt;0.001&lt;/ZTolerance&gt;&lt;MTolerance&gt;0.001&lt;/MTolerance&gt;&lt;HighPrecision&gt;true&lt;/HighPrecision&gt;&lt;WKID&gt;27700&lt;/WKID&gt;&lt;LatestWKID&gt;27700&lt;/LatestWKID&gt;&lt;/ProjectedCoordinateSystem&gt;</peXml></coordRef></DataProperties><ArcGISFormat>1.0</ArcGISFormat><SyncDate>20211229</SyncDate><SyncTime>12582700</SyncTime><ModDate>20211229</ModDate><ModTime>12582700</ModTime></Esri><dataIdInfo><envirDesc Sync="TRUE">Microsoft Windows Server 2008 R2 Version 6.1 (Build 7601) Service Pack 1; Esri ArcGIS 10.3.1.4959</envirDesc><dataLang><languageCode value="eng" Sync="TRUE"></languageCode><countryCode value="GBR" Sync="TRUE"></countryCode></dataLang><idCitation><resTitle Sync="TRUE">ListedBuildings_DATE</resTitle><presForm><PresFormCd value="005" Sync="TRUE"></PresFormCd></presForm></idCitation><spatRpType><SpatRepTypCd value="001" Sync="TRUE"></SpatRepTypCd></spatRpType></dataIdInfo><mdLang><languageCode value="eng" Sync="TRUE"></languageCode><countryCode value="GBR" Sync="TRUE"></countryCode></mdLang><distInfo><distFormat><formatName Sync="TRUE">Shapefile</formatName></distFormat><distTranOps><transSize Sync="TRUE">0.000</transSize></distTranOps></distInfo><mdHrLv><ScopeCd value="005" Sync="TRUE"></ScopeCd></mdHrLv><mdHrLvName Sync="TRUE">dataset</mdHrLvName><refSysInfo><RefSystem><refSysID><identCode code="27700" Sync="TRUE"></identCode><idCodeSpace Sync="TRUE">EPSG</idCodeSpace><idVersion Sync="TRUE">8.6.2</idVersion></refSysID></RefSystem></refSysInfo><spatRepInfo><VectSpatRep><geometObjs Name="ListedBuildings_DATE"><geoObjTyp><GeoObjTypCd value="004" Sync="TRUE"></GeoObjTypCd></geoObjTyp><geoObjCnt Sync="TRUE">0</geoObjCnt></geometObjs><topLvl><TopoLevCd value="001" Sync="TRUE"></TopoLevCd></topLvl></VectSpatRep></spatRepInfo><spdoinfo><ptvctinf><esriterm Name="ListedBuildings_DATE"><efeatyp Sync="TRUE">Simple</efeatyp><efeageom code="1" Sync="TRUE"></efeageom><esritopo Sync="TRUE">FALSE</esritopo><efeacnt Sync="TRUE">0</efeacnt><spindex Sync="TRUE">FALSE</spindex><linrefer Sync="TRUE">FALSE</linrefer></esriterm></ptvctinf></spdoinfo><eainfo><detailed Name="ListedBuildings_DATE"><enttyp><enttypl Sync="TRUE">ListedBuildings_DATE</enttypl><enttypt Sync="TRUE">Feature Class</enttypt><enttypc Sync="TRUE">0</enttypc></enttyp><attr><attrlabl Sync="TRUE">FID</attrlabl><attalias Sync="TRUE">FID</attalias><attrtype Sync="TRUE">OID</attrtype><attwidth Sync="TRUE">4</attwidth><atprecis Sync="TRUE">0</atprecis><attscale Sync="TRUE">0</attscale><attrdef Sync="TRUE">Internal feature number.</attrdef><attrdefs Sync="TRUE">Esri</attrdefs><attrdomv><udom Sync="TRUE">Sequential unique whole numbers that are automatically generated.</udom></attrdomv></attr><attr><attrlabl Sync="TRUE">Shape</attrlabl><attalias Sync="TRUE">Shape</attalias><attrtype Sync="TRUE">Geometry</attrtype><attwidth Sync="TRUE">0</attwidth><atprecis Sync="TRUE">0</atprecis><attscale Sync="TRUE">0</attscale><attrdef Sync="TRUE">Feature geometry.</attrdef><attrdefs Sync="TRUE">Esri</attrdefs><attrdomv><udom Sync="TRUE">Coordinates defining the features.</udom></attrdomv></attr><attr><attrlabl Sync="TRUE">ListEntry</attrlabl><attalias Sync="TRUE">ListEntry</attalias><attrtype Sync="TRUE">Integer</attrtype><attwidth Sync="TRUE">10</attwidth><atprecis Sync="TRUE">10</atprecis><attscale Sync="TRUE">0</attscale></attr><attr><attrlabl Sync="TRUE">Name</attrlabl><attalias Sync="TRUE">Name</attalias><attrtype Sync="TRUE">String</attrtype><attwidth Sync="TRUE">254</attwidth><atprecis Sync="TRUE">0</atprecis><attscale Sync="TRUE">0</attscale></attr><attr><attrlabl Sync="TRUE">Grade</attrlabl><attalias Sync="TRUE">Grade</attalias><attrtype Sync="TRUE">String</attrtype><attwidth Sync="TRUE">100</attwidth><atprecis Sync="TRUE">0</atprecis><attscale Sync="TRUE">0</attscale></attr><attr><attrlabl Sync="TRUE">ListDate</attrlabl><attalias Sync="TRUE">ListDate</attalias><attrtype Sync="TRUE">Date</attrtype><attwidth Sync="TRUE">8</attwidth><atprecis Sync="TRUE">0</atprecis><attscale Sync="TRUE">0</attscale></attr><attr><attrlabl Sync="TRUE">AmendDate</attrlabl><attalias Sync="TRUE">AmendDate</attalias><attrtype Sync="TRUE">Date</attrtype><attwidth Sync="TRUE">8</attwidth><atprecis Sync="TRUE">0</atprecis><attscale Sync="TRUE">0</attscale></attr><attr><attrlabl Sync="TRUE">LegacyUID</attrlabl><attalias Sync="TRUE">LegacyUID</attalias><attrtype Sync="TRUE">String</attrtype><attwidth Sync="TRUE">50</attwidth><atprecis Sync="TRUE">0</atprecis><attscale Sync="TRUE">0</attscale></attr><attr><attrlabl Sync="TRUE">NGR</attrlabl><attalias Sync="TRUE">NGR</attalias><attrtype Sync="TRUE">String</attrtype><attwidth Sync="TRUE">14</attwidth><atprecis Sync="TRUE">0</atprecis><attscale Sync="TRUE">0</attscale></attr><attr><attrlabl Sync="TRUE">CaptureSca</attrlabl><attalias Sync="TRUE">CaptureSca</attalias><attrtype Sync="TRUE">String</attrtype><attwidth Sync="TRUE">15</attwidth><atprecis Sync="TRUE">0</atprecis><attscale Sync="TRUE">0</attscale></attr><attr><attrlabl Sync="TRUE">Easting</attrlabl><attalias Sync="TRUE">Easting</attalias><attrtype Sync="TRUE">Double</attrtype><attwidth Sync="TRUE">19</attwidth><atprecis Sync="TRUE">0</atprecis><attscale Sync="TRUE">0</attscale></attr><attr><attrlabl Sync="TRUE">Northing</attrlabl><attalias Sync="TRUE">Northing</attalias><attrtype Sync="TRUE">Double</attrtype><attwidth Sync="TRUE">19</attwidth><atprecis Sync="TRUE">0</atprecis><attscale Sync="TRUE">0</attscale></attr><attr><attrlabl Sync="TRUE">Hyperlink</attrlabl><attalias Sync="TRUE">Hyperlink</attalias><attrtype Sync="TRUE">String</attrtype><attwidth Sync="TRUE">80</attwidth><atprecis Sync="TRUE">0</atprecis><attscale Sync="TRUE">0</attscale></attr></detailed></eainfo><mdDateSt Sync="TRUE">20211229</mdDateSt></metadata>
